NovoBind,,,,,,,,,,,,,,,,,,,,,,,,
Llama #20 - Antibody Discovery Summary,,,,,,,,,,,,,,,,,,,,,,,,
Date,2020/06/10,,,,,,,,,,,,,,,,,,,,,,,
,,,,,,,,,,,,,,,,,,,,,,,,
Purpose,to keep track of all phagemids that are discovered through biopanning and phage ELISA,,,,,,,,,,,,,,,,,,,,,,,
,,,,,,,,,,,,,,,,,,,,,,,,
,,,,,,,,,,,,,,,,,,,,,,,,
,,,,,,,,,,,,,,,,,,,,,,,,
,,,,,,,,,,,,,,,,,,,,,,,,
Phage ID,NBX #,Antigen,Phage ELISA: Antigen A450,Phage ELISA: PBS A450,Phage Library Lot #,llama #,Lymphocyte Day #,Biopanning  Experiment #,Phage ELISA Experiment #,Current Decision,Protein Sequence,DNA Sequence,Sequencing Data,CDR1,CDR2,CDR3,CDR Family Members for Cloned NBXs,CDR Family ID for Cloned NBXs,Forward Primer,Reverse Primer,Notes,Cloning week,Cloning Initials,Construct ID
,,,,,,,,,,,,,,,,,,,,,,,,
14-VP2-349,NBX14027,PPV-VP2,0.272,0.05,"LMK19DEC05A, LMK19DEC05B, LMK20JAN10B",14,all,MTM20201014,MTM20201021,Clone,QVQLQESGGGLVQAGGSLRLSCAVSGGTFSGYRMSWFRQAPGKEREFVAGISRSGGNTHYTDSVKGRATISRDNAKNTVYLQMNSLKPEDTALYYCAADYNLGSTWSRSGGGMDYWGKGTLVTVSS,CAGGTGCAGCTGCAGGAGTCTGGGGGAGGATTGGTGCAGGCTGGGGGCTCTCTGAGACTCTCCTGTGCAGTCTCTGGAGGTACCTTCAGTGGCTATCGCATGTCATGGTTCCGCCAGGCTCCAGGGAAGGAGCGTGAATTTGTAGCAGGTATTAGCCGGAGTGGGGGTAATACGCACTATACAGACTCCGTGAAGGGCCGAGCCACCATCTCCAGAGACAACGCCAAGAACACTGTGTATCTGCAGATGAACAGCCTGAAACCTGAGGACACGGCCCTTTATTACTGCGCAGCAGATTACAATCTCGGTAGTACCTGGTCGCGAAGCGGCGGCGGCATGGACTACTGGGGCAAAGGGACCCTGGTCACCGTCTCCTCA,Phagemid/20201026,GGTFSGYRM,ISRSGGNT,AADYNLGSTWSRSGGGMDY,,,NBX_Forward_LIC_nr5,Reverse LIC,,2020-11-05 CH,,
14-VP2-350,NBX14028,PPV-VP2,0.316,0.049,"LMK19DEC05A, LMK19DEC05B, LMK20JAN10B",14,all,MTM20201014,MTM20201021,Clone,QVQLQESGGELVQPGGSLRLSCAASGGTFSNYRMSWYRQAPGKEREFVAGISRSGGKTYYTDSVKGRATISRDNAKNTLYLQMNSLKPEDTALYYCAADYNLGSTWSPSGMDYWGKGTLVTVSS,CAGGTGCAGCTGCAGGAGTCAGGGGGAGAATTAGTGCAGCCTGGGGGCTCCCTGAGACTCTCCTGTGCAGCCTCTGGAGGTACCTTCAGTAACTATCGCATGTCATGGTACCGCCAGGCTCCAGGGAAGGAGCGTGAATTTGTAGCAGGTATTAGCCGGAGTGGGGGTAAAACATACTATACAGACTCCGTGAAGGGCCGAGCCACCATCTCCAGAGACAACGCCAAGAACACGCTGTATCTGCAAATGAACAGCCTGAAACCTGAGGACACGGCCCTTTATTACTGCGCAGCAGATTACAATCTCGGTAGTACCTGGTCGCCAAGCGGCATGGACTACTGGGGCAAAGGGACCCTGGTCACCGTCTCCTCA,Phagemid/20201026,GGTFSNYRM,ISRSGGKT,AADYNLGSTWSPSGMDY,,,NBX_Forward_LIC_nr5,Reverse LIC,,2020-11-05 CH,,
14-VP2-351,,PPV-VP2,0.302,0.051,"LMK19DEC05A, LMK19DEC05B, LMK20JAN10B",14,all,MTM20201014,MTM20201021,Ignore - duplicate of NBX14028,,,Phagemid/20201026,,,,,,,,,,,
14-VP2-352,,PPV-VP2,0.253,0.056,"LMK19DEC05A, LMK19DEC05B, LMK20JAN10B",14,all,MTM20201014,MTM20201021,Ignore - duplicate of NBX14028,,,Phagemid/20201026,,,,,,,,,,,
14-VP2-354,,PPV-VP2,0.257,0.049,"LMK19DEC05A, LMK19DEC05B, LMK20JAN10B",14,all,MTM20201014,MTM20201021,Ignore - duplicate of NBX14028,,,Phagemid/20201026,,,,,,,,,,,
14-VP2-355,,PPV-VP2,0.29,0.053,"LMK19DEC05A, LMK19DEC05B, LMK20JAN10B",14,all,MTM20201014,MTM20201021,Ignore - duplicate of NBX14028,,,Phagemid/20201026,,,,,,,,,,,
14-VP2-358,,PPV-VP2,0.267,0.05,"LMK19DEC05A, LMK19DEC05B, LMK20JAN10B",14,all,MTM20201014,MTM20201021,Ignore - duplicate of NBX14028,,,Phagemid/20201026,,,,,,,,,,,
14-VP2-359,NBX14029,PPV-VP2,0.367,0.049,"LMK19DEC05A, LMK19DEC05B, LMK20JAN10B",14,all,MTM20201014,MTM20201021,Clone,QVQLQESGGGLVQAGGSLRLSCAASGGTSSNWRMSWFRQAPGKEREFVAGISRSGDKTYYTDSVKGRATISRDNAKNTLYLQMNSLKPEDTALYYCAADYNLGSTWSPSGMDYWGKGTLVTVSS,CAGGTGCAGCTGCAGGAGTCTGGGGGAGGATTGGTGCAGGCTGGGGGCTCTCTGAGACTCTCCTGTGCAGCCTCTGGAGGTACCTCCAGTAACTGGCGCATGTCATGGTTCCGCCAGGCTCCAGGGAAGGAGCGTGAATTTGTAGCAGGTATTAGCCGGAGTGGGGATAAAACATACTATACAGACTCCGTGAAGGGCCGAGCCACCATCTCCAGAGACAACGCCAAGAACACGCTGTATCTGCAAATGAACAGCCTGAAACCTGAGGACACGGCCCTTTATTACTGCGCAGCAGATTACAATCTCGGTAGTACCTGGTCGCCAAGCGGCATGGACTACTGGGGCAAAGGGACCCTGGTCACCGTCTCCTCA,Phagemid/20201026,GGTSSNWRM,ISRSGDKT,AADYNLGSTWSPSGMDY,,,NBX_Forward_LIC_nr5,Reverse LIC,,2020-11-05 CH,,
14-VP2-360,NBX14030,PPV-VP2,0.548,0.05,"LMK19DEC05A, LMK19DEC05B, LMK20JAN10B",14,all,MTM20201014,MTM20201021,Clone,QVQLQESGGGLVQAGGSLRLSCAASGGTSSNWRMSWFRQAPGKEREFVAGISRSGGKTYYTDSVKGRATISRDNAKNTLYLQMNSLKPEDTALYYCAADYNLGSTWSPSGMDYWGKGTLVTVSS,CAGGTGCAGCTGCAGGAGTCTGGGGGAGGATTGGTGCAGGCTGGGGGCTCTCTGAGACTCTCCTGTGCAGCCTCTGGAGGTACCTCCAGTAACTGGCGCATGTCATGGTTCCGCCAGGCTCCAGGGAAGGAGCGTGAATTTGTAGCAGGTATTAGCCGGAGTGGGGGTAAAACATACTATACAGACTCCGTGAAGGGCCGAGCCACCATCTCCAGAGACAACGCCAAGAACACGCTGTATCTGCAAATGAACAGCCTGAAACCTGAGGACACGGCCCTTTATTACTGCGCAGCAGATTACAATCTCGGTAGTACCTGGTCGCCAAGCGGCATGGACTACTGGGGCAAAGGGACCCTGGTCACCGTCTCCTCA,Phagemid/20201026,GGTSSNWRM,ISRSGGKT,AADYNLGSTWSPSGMDY,,,NBX_Forward_LIC_nr5,Reverse LIC,,2020-11-05 CH,,
14-VP2-361,,PPV-VP2,0.501,0.059,"LMK19DEC05A, LMK19DEC05B, LMK20JAN10B",14,all,MTM20201014,MTM20201021,Ignore - poor read,,,Phagemid/20201026,,,,,,,,,,,
14-VP2-362,,PPV-VP2,0.235,0.055,"LMK19DEC05A, LMK19DEC05B, LMK20JAN10B",14,all,MTM20201014,MTM20201021,Ignore - duplicate of NBX14028,,,Phagemid/20201026,,,,,,,,,,,
14-VP2-363,,PPV-VP2,0.219,0.049,"LMK19DEC05A, LMK19DEC05B, LMK20JAN10B",14,all,MTM20201014,MTM20201021,Ignore - duplicate of NBX14028,,,Phagemid/20201026,,,,,,,,,,,
14-VP2-365,NBX14031,PPV-VP2,0.366,0.051,"LMK19DEC05A, LMK19DEC05B, LMK20JAN10B",14,all,MTM20201014,MTM20201021,Clone,QVQLQESGGGLVQAGGSLRLSCAASGRTFSNYAMGWFRQAPGKERELVATINWYDGTYYADSVKGRFTISRDNAKNTVYLQMNSLKPEDTAVYYCAAPAEPRHSSVAQDEYHYWGQGTQVTVSS,CAGGTGCAGCTGCAGGAGTCTGGGGGAGGATTGGTGCAGGCTGGGGGCTCTTTGAGACTCTCCTGTGCAGCCTCTGGACGCACCTTCAGTAACTATGCCATGGGCTGGTTCCGCCAGGCTCCAGGGAAGGAGCGTGAGCTTGTAGCAACTATTAACTGGTATGATGGCACATATTACGCAGACTCCGTGAAGGGCCGATTCACCATCTCCAGAGACAACGCCAAGAACACGGTGTATCTGCAAATGAACAGCCTGAAACCTGAGGACACGGCCGTTTATTACTGCGCGGCACCGGCGGAGCCCCGCCATAGTTCTGTTGCCCAAGATGAGTATCACTACTGGGGCCAGGGGACCCAGGTCACCGTCTCCTCA,Phagemid/20201026,GRTFSNYAM,INWYDGT,AAPAEPRHSSVAQDEYHY,,,NBX_Forward_LIC_nr5,Reverse LIC,,2020-11-05 CH,,
14-VP2-368,,PPV-VP2,0.352,0.05,"LMK19DEC05A, LMK19DEC05B, LMK20JAN10B",14,all,MTM20201014,MTM20201021,Ignore - duplicate of NBX14028,,,Phagemid/20201026,,,,,,,,,,,
14-VP2-370,NBX14032,PPV-VP2,0.445,0.055,"LMK19DEC05A, LMK19DEC05B, LMK20JAN10B",14,all,MTM20201014,MTM20201021,Clone,QVQLQESGGGLVQAGGSLRLSCAASGGTFSNYRMSWYRQAPGKEREFVAGISRSGGKTYYTDSVKGRATISRDNAKNTLYLQMNSLKPEDTALYYCAADYNLGSTWRPSGMDYWGKGTLVTVSS,CAGGTGCAGCTGCAGGAGTCTGGGGGAGGATTGGTGCAGGCTGGGGGCTCTCTGAGACTCTCCTGTGCAGCCTCTGGAGGTACCTTCAGTAACTATCGCATGTCATGGTACCGCCAGGCTCCAGGGAAGGAGCGTGAATTTGTAGCAGGTATTAGCCGGAGTGGGGGTAAAACATACTATACAGACTCCGTGAAGGGCCGAGCCACCATCTCCAGAGACAACGCCAAGAACACGCTGTATCTGCAAATGAACAGCCTGAAACCTGAGGACACGGCCCTTTATTACTGCGCAGCAGATTACAATCTCGGTAGTACCTGGCGGCCAAGCGGCATGGACTACTGGGGCAAAGGGACCCTGGTCACCGTCTCCTCA,Phagemid/20201026,GGTFSNYRM,ISRSGGKT,AADYNLGSTWRPSGMDY,,,NBX_Forward_LIC_nr5,Reverse LIC,,2020-11-05 CH,,
14-VP2-372,,PPV-VP2,0.264,0.052,"LMK19DEC05A, LMK19DEC05B, LMK20JAN10B",14,all,MTM20201014,MTM20201021,Ignore - duplicate of NBX14028,,,Phagemid/20201026,,,,,,,,,,,
14-VP2-373,,PPV-VP2,0.207,0.051,"LMK19DEC05A, LMK19DEC05B, LMK20JAN10B",14,all,MTM20201014,MTM20201021,Ignore - duplicate of NBX14028,,,Phagemid/20201026,,,,,,,,,,,
14-VP2-376,,PPV-VP2,0.263,0.051,"LMK19DEC05A, LMK19DEC05B, LMK20JAN10B",14,all,MTM20201014,MTM20201021,Ignore - duplicate of NBX14028,,,Phagemid/20201026,,,,,,,,,,,
14-VP2-377,,PPV-VP2,0.433,0.064,"LMK19DEC05A, LMK19DEC05B, LMK20JAN10B",14,all,MTM20201014,MTM20201021,Ignore - poor read,,,Phagemid/20201026,,,,,,,,,,,
14-VP2-378,NBX14033,PPV-VP2,0.261,0.053,"LMK19DEC05A, LMK19DEC05B, LMK20JAN10B",14,all,MTM20201014,MTM20201021,Clone,QVQLQESGGGLVQAGGSLRLSCAASGRTFGNYALGWFRQAPGKERELVAAINWHGGTYYADSVKGRFTISRDNAKNTVYLQMNNLKLEDTAVYYCAAPHNDYTMSLTPSSYGYWGQGTQVTVSS,CAGGTGCAGCTGCAGGAGTCTGGGGGAGGATTGGTGCAGGCTGGGGGCTCTCTGAGACTCTCCTGTGCAGCCTCTGGACGTACCTTTGGTAACTATGCCTTGGGCTGGTTCCGTCAGGCTCCAGGGAAGGAGCGTGAGCTTGTAGCAGCTATTAATTGGCATGGTGGCACATACTATGCAGACTCCGTGAAGGGCCGATTCACCATCTCCAGAGACAACGCCAAGAACACGGTGTATCTACAAATGAACAACCTGAAACTTGAGGACACGGCCGTTTATTACTGTGCAGCACCCCATAATGACTACACTATGTCACTAACCCCATCGTCGTATGGCTACTGGGGCCAGGGGACCCAGGTCACCGTCTCCTCA,Phagemid/20201026,GRTFGNYAL,INWHGGT,AAPHNDYTMSLTPSSYGY,,,NBX_Forward_LIC_nr5,Reverse LIC,,"2020-11-05 CH, reassigned 2020-11-30 due to bad sequence",,
14-VP2-379,NBX14034,PPV-VP2,0.239,0.052,"LMK19DEC05A, LMK19DEC05B, LMK20JAN10B",14,all,MTM20201014,MTM20201021,Clone,QVQLQESGGGLVQAGGSLRLSCIASGRTFSNYAMGWFRQAPGKERELVATINWYDGTYYADSVKGRFTISRDNAKNTVYLQMNSLKPEDTAVYYCAAPAGPRHMSVAQDEYHYWGQGTQVTVSS,CAGGTGCAGCTGCAGGAGTCTGGGGGAGGATTGGTGCAGGCTGGGGGCTCTCTGAGACTCTCCTGTATAGCCTCTGGACGCACCTTCAGTAACTATGCCATGGGCTGGTTCCGCCAGGCTCCAGGGAAGGAGCGTGAGCTTGTAGCAACTATTAACTGGTATGATGGCACATATTACGCAGACTCCGTGAAGGGCCGATTCACCATCTCCAGAGACAACGCCAAGAACACGGTGTATCTGCAAATGAACAGCCTGAAACCTGAGGACACGGCCGTTTATTACTGCGCGGCACCGGCGGGGCCCCGCCATATGTCTGTTGCCCAAGATGAGTATCACTACTGGGGCCAGGGGACCCAGGTCACCGTCTCCTCA,Phagemid/20201026,RTFSNYAM,INWYDGT,AAPAGPRHMSVAQDEYHY,,,NBX_Forward_LIC_nr5,Reverse LIC,,2020-11-05 CH,,
,,,,,,,,,,,,,,,,,,,,,,,,
,,,,,,,,,,,,,,,,,,,,,,,,
,,,,,,,,,,,,,,,,,,,,,,,,
,,,,,,,,,,,,,,,,,,,,,,,,
,,,,,,,,,,,,,,,,,,,,,,,,
INSTRUCTIONS/LEGEND,,,,,,,,,,,,,,,,,,,,,,,,
Phage ID: Include every Phage ELISA Positive well,,,,,,,,,,,,,,,,,,,,,,,,
Antigen: Antigen Name,,,,,,,,,,,,,,,,,,,,,,,,
Antigen A450 and PBSA450: Provide ELISA well values from Phage ELISA Experiment,,,,,,,,,,,,,,,,,,,,,,,,
"Bleed Date: Na‹ve, Day 28, Day 49, Day 70",,,,,,,,,,,,,,,,,,,,,,,,
Library Lot Number: Enter Library Batch Number,,,,,,,,,,,,,,,,,,,,,,,,
Biopanning and Phage ELISA Experiment Numbers: Enter a reference to the Biopanning and Phage ELISA Experiment so that original data can be identified,,,,,,,,,,,,,,,,,,,,,,,,
"Current Decision Options: Resequence, Ignore, Subclone, Dropped (Dropped = any circumstance after subcloning that the NBX is dropped, if this action is taken a note explaining the decisions must be included at the end of the line)",,,,,,,,,,,,,,,,,,,,,,,,
NBX Designation: Provide NBX Number or Not Applicable,,,,,,,,,,,,,,,,,,,,,,,,
"Protein Sequence: Add amino acid sequence. If there are any ""X"" they should be highlighted in RED text. If sent for resequencing don't add any text. If subcloned, fix the the sequence but leave the text red",,,,,,,,,,,,,,,,,,,,,,,,
"DNA Sequence: Add nucleotide sequence. If there are any ""N"" they should be highlighted in RED text. If sent for resequencing don't add any text. If subcloned, fix the the sequence but leave the text red",,,,,,,,,,,,,,,,,,,,,,,,
Sequencing Experiment: Provide a reference to the sequencing data deemed to be the final correct sequence for the antibody,,,,,,,,,,,,,,,,,,,,,,,,
"CDR1, CDR2, CDR3: add amino acid sequences called by Nick's CDR output program. These should be checked by eye as error do occur. If there is any doubt please ask Slade.",,,,,,,,,,,,,,,,,,,,,,,,
"CDR Family Members for Cloned NBXs: Enter all members from the llama that are in the same CDR family. Remove any NBXs with a current decision of ""dropped""",,,,,,,,,,,,,,,,,,,,,,,,
